text,emotion
I am so happy today,joy
This is the best day ever,joy
I got selected for my dream job,joy
My friends made me smile,joy
I am excited about the celebration,joy
I feel wonderful and cheerful,joy
We won the match and I am thrilled,joy
I received a beautiful gift,joy
I am proud of my achievement,joy
Everything is going perfectly,joy
I feel very sad today,sadness
I miss my best friend,sadness
I cried after hearing the news,sadness
I feel lonely and empty,sadness
The movie made me cry,sadness
I lost something very important,sadness
Nobody understands how I feel,sadness
I am disappointed with the result,sadness
My heart feels heavy today,sadness
I wish things were different,sadness
I am extremely angry right now,anger
This unfair decision makes me furious,anger
Stop irritating me,anger
I hate being treated like this,anger
I am frustrated with this situation,anger
They made me very angry,anger
I cannot tolerate this anymore,anger
That behavior is unacceptable,anger
I am annoyed by the constant noise,anger
This problem is making me furious,anger
I am scared about what will happen,fear
I feel nervous before the exam,fear
I am worried about my future,fear
That sound frightened me,fear
I am afraid of failing,fear
This situation makes me anxious,fear
I fear that something bad may happen,fear
I am terrified of being alone,fear
The dark room made me nervous,fear
I am worried about the result,fear
Wow this is completely unexpected,surprise
I cannot believe what I just saw,surprise
What an amazing surprise,surprise
I did not expect this at all,surprise
That news shocked me,surprise
Oh my goodness I am amazed,surprise
I was surprised by the result,surprise
This happened suddenly,surprise
I never thought they would come,surprise
What a shocking discovery,surprise
I love spending time with my family,love
You mean so much to me,love
I care deeply about you,love
I love my wonderful friends,love
My family gives me so much happiness,love
I really appreciate your support,love
You are very special to me,love
I enjoy helping people I care about,love
My heart is full of love,love
I am grateful for the people I love,love
The meeting starts at ten o clock,neutral
I submitted my assignment today,neutral
The train arrives in the morning,neutral
I have a class after lunch,neutral
The book is on the table,neutral
I completed the registration form,neutral
The computer is connected to the internet,neutral
The store opens at nine,neutral
I am going to the library today,neutral
The project deadline is next week,neutral
